{"loot":[{"x":350,"id":2.1,"y":400},{"x":370,"id":2.2,"y":400},{"x":499.99996948242,"id":1.1,"y":499.99996948242}],"objects":[{"bodyType":"dynamic","w":25,"h":37,"x":346.0576171875,"y":413.68411254883},{"bodyType":"static","w":80,"h":80,"x":800,"y":800}],"enemies":[{"x":644.24298095703,"health":100,"isAlive":true,"y":524.60827636719}]}