{"enemies":[{"x":774.55603027344,"y":609.59783935547,"health":100},{"x":771.3974609375,"y":655.09924316406,"health":100},{"x":783.89630126953,"y":635.70422363281,"health":100},{"x":776.34515380859,"y":593.78515625,"health":100}],"obstacles":[],"loot":[]}