{"loot":[{"y":400,"id":2.1,"x":350},{"y":400,"id":2.2,"x":370},{"y":499.99996948242,"id":1.1,"x":499.99996948242}],"objects":[{"w":25,"bodyType":"dynamic","y":287.27258300781,"h":37,"x":566.06842041016},{"w":80,"bodyType":"static","y":800,"h":80,"x":800}],"enemies":[{"y":521.6533203125,"health":100,"isAlive":true,"x":613.37280273438}]}