{"enemies":[{"x":652.54742431641,"y":480.39935302734,"health":100}],"obstacles":[],"loot":[]}