{"enemies":[{"health":100,"x":600,"y":100},{"health":100,"x":582.91522216797,"y":217.08442687988},{"health":70,"x":542.05993652344,"y":358.63879394531}],"obstacles":[],"loot":[]}