{"world":3,"y":192.52244567871,"health":100,"x":250.00671386719,"inventory":{"activeEquip":[],"arr":[]}}