{"world":1,"inventory":{"activeEquip":[2.1,2.2],"arr":[2.2,1.1,2.1,2.2,2.1,2.2]},"health":307,"y":99.576324462891,"x":108.93782043457}