{"world":1,"x":262.22033691406,"y":599.9326171875,"health":90}